|     | title                                                                                    | url                                                                                                                                                  | tag           |
| --- | ---------------------------------------------------------------------------------------- | ---------------------------------------------------------------------------------------------------------------------------------------------------- | ------------- |
| 0   | Monetizing Your True Purpose: How to Make Money at Anything                              | https://startupnation.com/start-your-business/plan-your-business/monetizing-your-true-purpose-make-money-anything-lochtefeld/                        | inspiration   |
| 1   | Why Diversifying Your Income Provides More Opportunities in the Long Run                 | https://startupnation.com/start-your-business/why-diversifying-your-income-provides-more-opportunities-ma/                                           | inspiration   |
| 2   | How to Bootstrap Your Side Hustle into a 6-Figure Business                               | https://startupnation.com/start-your-business/fund-your-business/bootstrap-your-business/how-to-bootstrap-your-side-hustle-into-a-6-figure-business/ | inspiration   |
| 3   | Harnessing Your Emotional Intelligence as a Female Entrepreneur                          | https://startupnation.com/grow-your-business/emotional-intelligence-female-entrepreneur-brady/                                                       | inspiration   |
| 4   | Turning Passion into a Career: Entrepreneur Shares Lessons Learned                       | https://startupnation.com/start-your-business/turning-passion-into-career-entrepreneur-shares-lessons-learned-mccuiston-goldfish-swim-school/        | inspiration   |
| 5   | 11 Reasons Why You Need a Side Hustle                                                    | https://startupnation.com/start-your-business/11-reasons-why-you-need-side-hustle-todorov/                                                           | inspiration   |
| 6   | 5 Tips for Aspiring Mom Entrepreneurs to Turn Your Startup Dreams Into Reality           | https://startupnation.com/start-your-business/tips-mompreneur-goal-reality/                                                                          | inspiration   |
| 7   | 5 Things I Wish Someone Had Told Me About Starting A Business From Scratch               | https://startupnation.com/start-your-business/5-things-wish-someone-had-told-me-about-starting-business-from-scratch-pyle/                           | inspiration   |
| 8   | Turn Your Passion into a Business: 3 Steps for Purpose-Driven Startups                   | https://startupnation.com/start-your-business/purpose-driven-startups-turn-passion-into-business-martin-owen/                                        | inspiration   |
| 9   | Time Management: The One Habit All Successful Entrepreneurs Learn to Master              | https://startupnation.com/start-your-business/get-inspired/time-management-habit-successful-entrepreneurs-blakely-gray/                              | inspiration   |
| 10  | LIT Method’s Taylor Norris Shares Business Tips for Aspiring Women Entrepreneurs         | https://startupnation.com/start-your-business/women-entrepreneurs-tips-lit-method-norris/                                                            | inspiration   |
| 11  | 13 Tips for Future Women in Business Leadership                                          | https://startupnation.com/grow-your-business/thought-leadership/13-tips-for-future-women-in-leadership-terkel-farmiloe/                              | inspiration   |
| 12  | Urbanum’s Brigid Beaubien: An Eclectic Approach to Home Goods                            | https://startupnation.com/start-your-business/get-inspired/urbanums-brigid-beaubien-an-eclectic-approach-to-home-goods/                              | inspiration   |
| 13  | How to Leverage Your Full-Time Job to Fund Your Entrepreneurial Dreams                   | https://startupnation.com/grow-your-business/leverage-job-fund-entrepreneurial-dreams/                                                               | inspiration   |
| 14  | Blo Blow Dry Bar CEO Shares Advice for Aspiring Female Business Leaders                  | https://startupnation.com/start-your-business/get-inspired/blo-blow-dry-bar-ceo-shares-advice-for-aspiring-female-business-leaders/                  | inspiration   |
| 15  | Need Extra Cash? Pursue a Side Hustle                                                    | https://startupnation.com/podcast-radio/startupnation-radio-startupnation-radio/need-extra-cash-side-hustle-pre-w-smith-show-sloan/                  | inspiration   |
| 16  | From Wall Street to Building a Restaurant Empire: 3 Tips for Mega-Entrepreneurship       | https://startupnation.com/start-your-business/build-it-or-buy-it/tips-for-mega-entrepreneurship-marcos-pizza-gullapalli/                             | inspiration   |
| 17  | 11 Mistakes to Avoid When Setting Up a Side Hustle                                       | https://startupnation.com/start-your-business/11-mistakes-side-hustle-murphy/                                                                        | inspiration   |
| 18  | Don’t Quit and Other Lessons from a Wantrepreneur Turned Entrepreneur                    | https://startupnation.com/start-your-business/dont-quit-and-other-lessons-from-a-wantrepreneur-turned-entrepreneur/                                  | inspiration   |
| 19  | Secret to Small Business Success: A Commitment to Lifelong Learning                      | https://startupnation.com/start-your-business/get-inspired/secret-to-small-business-success-commitment-to-lifelong-learning-hubble/                  | inspiration   |
| 20  | StartupNation Growth Hacks #9: Stand Out With Powerful PR                                | https://startupnation.com/start-your-business/startupnation-growth-hacks-9-powerful-pr/                                                              | growth-hacks  |
| 21  | StartupNation Growth Hacks #8: Create Flash Sales to Generate Revenue Now                | https://startupnation.com/start-your-business/startupnation-growth-hacks-8-flash-sales-sloan/                                                        | growth-hacks  |
| 22  | StartupNation Growth Hacks #7: A Rare Hiring Opportunity                                 | https://startupnation.com/grow-your-business/startupnation-growth-hacks-7-rare-hiring-opportunity-great-resignation-sloan/                           | growth-hacks  |
| 23  | StartupNation Growth Hacks #6: Produce Online Content                                    | https://startupnation.com/grow-your-business/startupnation-growth-hacks-6-produce-online-content-sloan/                                              | growth-hacks  |
| 24  | StartupNation Growth Hacks #5: Employees as Ambassadors                                  | https://startupnation.com/grow-your-business/startupnation-growth-hacks-5-employees-ambassadors-sloan/                                               | growth-hacks  |
| 25  | StartupNation Growth Hacks #4: Put the Power of Your Brand to Work                       | https://startupnation.com/grow-your-business/startupnation-growth-hacks-4-put-the-power-of-your-brand/                                               | growth-hacks  |
| 26  | StartupNation Growth Hacks #3: Establish an Online Community                             | https://startupnation.com/grow-your-business/startupnation-growth-hacks-3-establish-an-online-community/                                             | growth-hacks  |
| 27  | StartupNation Growth Hacks #2: Establish Your Expertise With a Podcast                   | https://startupnation.com/grow-your-business/growth-hacks-establish-expertise-podcast/                                                               | growth-hacks  |
| 28  | WJR Business Beat: Tips To Drive More Sales And Create Customer Loyalty (Episode 365)    | https://startupnation.com/podcast-radio/wjr-business-beat/wjr-business-beat-tips-to-drive-more-sales-and-create-customer-loyalty-episode-365/        | growth-hacks  |
| 29  | StartupNation Growth Hacks #1: Create a Newsletter to Engage Customers, Drive Sales      | https://startupnation.com/grow-your-business/hacks-newsletters-sloan/                                                                                | growth-hacks  |
| 30  | Monetizing Your True Purpose: How to Make Money at Anything                              | https://startupnation.com/start-your-business/plan-your-business/monetizing-your-true-purpose-make-money-anything-lochtefeld/                        | business-life |
| 31  | 4 Major Obstacles Every Entrepreneur Must Overcome                                       | https://startupnation.com/grow-your-business/run-your-business-better/4-major-obstacles-entrepreneur-rampton/                                        | business-life |
| 32  | 5 Ways E-Commerce Entrepreneurs Can Make More Data-Driven Decisions                      | https://startupnation.com/grow-your-business/optimize-your-business/ways-e-commerce-entrepreneuers-data-driven-decisions-miller/                     | business-life |
| 33  | How to Build a Brand for the Modern Consumer                                             | https://startupnation.com/grow-your-business/build-brand-modern-consumer-berman/                                                                     | business-life |
| 34  | 5 Terms That are Killing Your Startup’s Pitch                                            | https://startupnation.com/start-your-business/terms-killing-startup-pitch/                                                                           | business-life |
| 35  | Why Diversifying Your Income Provides More Opportunities in the Long Run                 | https://startupnation.com/start-your-business/why-diversifying-your-income-provides-more-opportunities-ma/                                           | business-life |
| 36  | Why a Service-Based Business is a Great Model for Young Entrepreneurs                    | https://startupnation.com/start-your-business/service-based-business-model/                                                                          | business-life |
| 37  | 11 Reasons Why You Need a Side Hustle                                                    | https://startupnation.com/start-your-business/11-reasons-why-you-need-side-hustle-todorov/                                                           | business-life |
| 38  | 5 Tips for Aspiring Mom Entrepreneurs to Turn Your Startup Dreams Into Reality           | https://startupnation.com/start-your-business/tips-mompreneur-goal-reality/                                                                          | business-life |
| 39  | Non-Seasonal Startups: Year-Round Lucrative Industries for Entrepreneurs                 | https://startupnation.com/start-your-business/startups-lucrative-industries/                                                                         | business-life |
| 40  | 5 Things I Wish Someone Had Told Me About Starting A Business From Scratch               | https://startupnation.com/start-your-business/5-things-wish-someone-had-told-me-about-starting-business-from-scratch-pyle/                           | business-life |
| 41  | Verizon Small Business Digital Ready: Tailored to Your Needs Anytime, Anywhere           | https://startupnation.com/sponsored-content/verizon-small-business-digital-ready-tailored-to-your-needs-anytime-anywhere-jamiel-robinson/            | business-life |
| 42  | What I Learned Competing for Startup Money                                               | https://startupnation.com/manage-your-business/startup-culture/what-i-learned-startup-business-competitions-buckley/                                 | business-life |
| 43  | 5 Founders Share the One Piece of Advice They Wish They Knew Before Launching a Business | https://startupnation.com/start-your-business/founders-advice-launching-business/                                                                    | business-life |
| 44  | The Missing Ingredient in the Recipe for Success                                         | https://startupnation.com/grow-your-business/thought-leadership/missing-ingredient-recipe-for-startup-success-lam/                                   | business-life |
| 45  | What It Takes to Make it as a Micro-Business                                             | https://startupnation.com/start-your-business/what-it-takes-micro-business-success-campbell/                                                         | business-life |
| 46  | Lessons I Learned Starting a Social, Emotional and Mental Wellness Company               | https://startupnation.com/grow-your-business/lessons-learned-starting-social-emotional-and-mental-wellness-company-lahayne/                          | business-life |
| 47  | 3 Tips to Maximize Your Energy to Live an Optimal Life as an Entrepreneur                | https://startupnation.com/start-your-business/plan-your-business/10-disciplines-energy-optimal-life-entrepreneur-dube/                               | business-life |
| 48  | 7 Mistakes That Could Hurt Your Business                                                 | https://startupnation.com/grow-your-business/common-business-mistakes-gillman/                                                                       | business-life |
| 49  | Here’s Why Market Timing is Everything When it Comes to Startup Success                  | https://startupnation.com/books/market-timing-startup-success/                                                                                       | business-life |
|     |                                                                                          |                                                                                                                                                      |               |